"Prefix","Group","Reason","OriginalRelativePath","NewRelativePath","Extension"
"ICH","İç Hizmet","Varsayilan ic hizmet grubu.","1500 LİSTE.xlsx","ICH_0001_1500 LİSTE.xlsx",".xlsx"
"ICH","İç Hizmet","Varsayilan ic hizmet grubu.","TARTIM KONVOYOR_R1.SLDASM","ICH_0002_TARTIM KONVOYOR_R1.SLDASM",".SLDASM"
"ICH","İç Hizmet","Varsayilan ic hizmet grubu.","100_DXF\1012_M10_1 ADET.bak","100_DXF\ICH_0003_1012_M10_1 ADET.bak",".bak"
"ICH","İç Hizmet","Varsayilan ic hizmet grubu.","100_DXF\1015_10mm_1 ADET.bak","100_DXF\ICH_0004_1015_10mm_1 ADET.bak",".bak"
"ICH","İç Hizmet","Varsayilan ic hizmet grubu.","100_DXF\1112_3mm_1 ADET.bak","100_DXF\ICH_0005_1112_3mm_1 ADET.bak",".bak"
"ICH","İç Hizmet","Varsayilan ic hizmet grubu.","100_DXF\1152_4mm_1 ADET.bak","100_DXF\ICH_0006_1152_4mm_1 ADET.bak",".bak"
"ICH","İç Hizmet","Varsayilan ic hizmet grubu.","100_DXF\1153_4mm_1 ADET.bak","100_DXF\ICH_0007_1153_4mm_1 ADET.bak",".bak"
"ICH","İç Hizmet","Varsayilan ic hizmet grubu.","100_DXF\521_10_mm_4 ADET.bak","100_DXF\ICH_0008_521_10_mm_4 ADET.bak",".bak"
"ICH","İç Hizmet","Varsayilan ic hizmet grubu.","100_DXF\551_10mm_4 ADET.bak","100_DXF\ICH_0009_551_10mm_4 ADET.bak",".bak"
"ICH","İç Hizmet","Varsayilan ic hizmet grubu.","100_DXF\552_10mm_8 ADET.bak","100_DXF\ICH_0010_552_10mm_8 ADET.bak",".bak"
"ICH","İç Hizmet","Varsayilan ic hizmet grubu.","100_DXF\553_10mm_4 ADET.bak","100_DXF\ICH_0011_553_10mm_4 ADET.bak",".bak"
"ICH","İç Hizmet","Varsayilan ic hizmet grubu.","100_DXF\562_10mm_4 ADET.bak","100_DXF\ICH_0012_562_10mm_4 ADET.bak",".bak"
"ICH","İç Hizmet","Varsayilan ic hizmet grubu.","100_DXF\563_3mm_4 ADET.bak","100_DXF\ICH_0013_563_3mm_4 ADET.bak",".bak"
"ICH","İç Hizmet","Varsayilan ic hizmet grubu.","100_DXF\632_6mm_4 ADET.bak","100_DXF\ICH_0014_632_6mm_4 ADET.bak",".bak"
"ICH","İç Hizmet","Varsayilan ic hizmet grubu.","100_DXF\660_5mm_6 ADET.bak","100_DXF\ICH_0015_660_5mm_6 ADET.bak",".bak"
"ICH","İç Hizmet","Varsayilan ic hizmet grubu.","100_DXF\661_10mm_2 ADET.bak","100_DXF\ICH_0016_661_10mm_2 ADET.bak",".bak"
"ICH","İç Hizmet","Varsayilan ic hizmet grubu.","100_DXF\662_10mm_4 ADET.bak","100_DXF\ICH_0017_662_10mm_4 ADET.bak",".bak"
"ICH","İç Hizmet","Varsayilan ic hizmet grubu.","100_DXF\663A_10mm_2 ADET.bak","100_DXF\ICH_0018_663A_10mm_2 ADET.bak",".bak"
"ICH","İç Hizmet","Varsayilan ic hizmet grubu.","100_DXF\663_10mm_2 ADET.bak","100_DXF\ICH_0019_663_10mm_2 ADET.bak",".bak"
"ICH","İç Hizmet","Varsayilan ic hizmet grubu.","100_DXF\664_10mm_1 ADET.bak","100_DXF\ICH_0020_664_10mm_1 ADET.bak",".bak"
"ICH","İç Hizmet","Varsayilan ic hizmet grubu.","100_DXF\665_10mm_1 ADET.bak","100_DXF\ICH_0021_665_10mm_1 ADET.bak",".bak"
"ICH","İç Hizmet","Varsayilan ic hizmet grubu.","100_DXF\666_5mm_6 ADET.bak","100_DXF\ICH_0022_666_5mm_6 ADET.bak",".bak"
"ICH","İç Hizmet","Varsayilan ic hizmet grubu.","100_DXF\681_10mm_2 ADET.bak","100_DXF\ICH_0023_681_10mm_2 ADET.bak",".bak"
"ICH","İç Hizmet","Varsayilan ic hizmet grubu.","100_DXF\682_10mm_2 ADET.bak","100_DXF\ICH_0024_682_10mm_2 ADET.bak",".bak"
"ICH","İç Hizmet","Varsayilan ic hizmet grubu.","100_DXF\694_8mm_4 ADET.bak","100_DXF\ICH_0025_694_8mm_4 ADET.bak",".bak"
"ICH","İç Hizmet","Varsayilan ic hizmet grubu.","100_DXF\712_4mm_2 ADET.bak","100_DXF\ICH_0026_712_4mm_2 ADET.bak",".bak"
"ICH","İç Hizmet","Varsayilan ic hizmet grubu.","100_DXF\911_2mm_2 ADET.bak","100_DXF\ICH_0027_911_2mm_2 ADET.bak",".bak"
"ICH","İç Hizmet","Varsayilan ic hizmet grubu.","100_DXF\913A_3mm_1 ADET.bak","100_DXF\ICH_0028_913A_3mm_1 ADET.bak",".bak"
"ICH","İç Hizmet","Varsayilan ic hizmet grubu.","100_DXF\920A_10mm_2 ADET.bak","100_DXF\ICH_0029_920A_10mm_2 ADET.bak",".bak"
"ICH","İç Hizmet","Varsayilan ic hizmet grubu.","100_DXF\920_10_mm_2ADET.bak","100_DXF\ICH_0030_920_10_mm_2ADET.bak",".bak"
"ICH","İç Hizmet","Varsayilan ic hizmet grubu.","100_DXF\950_2mm_1 ADET.bak","100_DXF\ICH_0031_950_2mm_1 ADET.bak",".bak"
"DXF","DXF Kesim","DXF uzantisi.","100_DXF\MAL_751_5mm_1 adet.DXF","100_DXF\DXF_0032_MAL_751_5mm_1 adet.DXF",".DXF"
"DXF","DXF Kesim","DXF uzantisi.","100_DXF\MAL_753_5mm_2 adet.DXF","100_DXF\DXF_0033_MAL_753_5mm_2 adet.DXF",".DXF"
"DXF","DXF Kesim","DXF uzantisi.","100_DXF\MAL_754_5mm_2 adet.DXF","100_DXF\DXF_0034_MAL_754_5mm_2 adet.DXF",".DXF"
"ELK","Elektrik","ELEKTRIK/ENCODER ifadesi.","1100_ELEKTRİK\1100 ENCODER\1100_ENCODER MONTAJ.SLDASM","1100_ELEKTRİK\1100 ENCODER\ELK_0035_1100_ENCODER MONTAJ.SLDASM",".SLDASM"
"ELK","Elektrik","ELEKTRIK/ENCODER ifadesi.","1100_ELEKTRİK\1100 ENCODER\1111_ARABA_E50S8-8000-3-V-5_E50S8-8000-3-V-24_(338).SLDPRT","1100_ELEKTRİK\1100 ENCODER\ELK_0036_1111_ARABA_E50S8-8000-3-V-5_E50S8-8000-3-V-24_(338).SLDPRT",".SLDPRT"
"ELK","Elektrik","ELEKTRIK/ENCODER ifadesi.","1100_ELEKTRİK\1100 ENCODER\ARC_1112_SAC.SLDPRT","1100_ELEKTRİK\1100 ENCODER\ELK_0037_ARC_1112_SAC.SLDPRT",".SLDPRT"
"ELK","Elektrik","ELEKTRIK/ENCODER ifadesi.","1100_ELEKTRİK\1100 ENCODER\SA_1102_SAC.SLDPRT","1100_ELEKTRİK\1100 ENCODER\ELK_0038_SA_1102_SAC.SLDPRT",".SLDPRT"
"ELK","Elektrik","ELEKTRIK/ENCODER ifadesi.","1100_ELEKTRİK\1150_MOTOR\1152_SAC REDUKTOR.SLDPRT","1100_ELEKTRİK\1150_MOTOR\ELK_0039_1152_SAC REDUKTOR.SLDPRT",".SLDPRT"
"ELK","Elektrik","ELEKTRIK/ENCODER ifadesi.","1100_ELEKTRİK\1150_MOTOR\1153_SAC REDUKTOR.SLDPRT","1100_ELEKTRİK\1150_MOTOR\ELK_0040_1153_SAC REDUKTOR.SLDPRT",".SLDPRT"
"ELK","Elektrik","ELEKTRIK/ENCODER ifadesi.","1100_ELEKTRİK\1150_MOTOR\132E80_Varsay_X2_0131_X0_lan.SLDPRT","1100_ELEKTRİK\1150_MOTOR\ELK_0041_132E80_Varsay_X2_0131_X0_lan.SLDPRT",".SLDPRT"
"ELK","Elektrik","ELEKTRIK/ENCODER ifadesi.","1100_ELEKTRİK\1150_MOTOR\2E80M_DA_Varsay_X2_0131_X0_lan.SLDPRT","1100_ELEKTRİK\1150_MOTOR\ELK_0042_2E80M_DA_Varsay_X2_0131_X0_lan.SLDPRT",".SLDPRT"
"ELK","Elektrik","ELEKTRIK/ENCODER ifadesi.","1100_ELEKTRİK\1150_MOTOR\K103_Varsay_X2_0131_X0_lan.SLDPRT","1100_ELEKTRİK\1150_MOTOR\ELK_0043_K103_Varsay_X2_0131_X0_lan.SLDPRT",".SLDPRT"
"ELK","Elektrik","ELEKTRIK/ENCODER ifadesi.","1100_ELEKTRİK\1150_MOTOR\KL_2E80_Varsay_X2_0131_X0_lan.SLDPRT","1100_ELEKTRİK\1150_MOTOR\ELK_0044_KL_2E80_Varsay_X2_0131_X0_lan.SLDPRT",".SLDPRT"
"ELK","Elektrik","ELEKTRIK/ENCODER ifadesi.","1100_ELEKTRİK\1150_MOTOR\KR_10_3_0_2E80M_DA_ML115A_0_0_0_1_0_0_P1_A_0_0_0_0_M1.err","1100_ELEKTRİK\1150_MOTOR\ELK_0045_KR_10_3_0_2E80M_DA_ML115A_0_0_0_1_0_0_P1_A_0_0_0_0_M1.err",".err"
"ELK","Elektrik","ELEKTRIK/ENCODER ifadesi.","1100_ELEKTRİK\1150_MOTOR\KR_10_3_0_2E80M_DA_ML115A_0_0_0_1_0_0_P1_A_0_0_0_0_M1.SLDASM","1100_ELEKTRİK\1150_MOTOR\ELK_0046_KR_10_3_0_2E80M_DA_ML115A_0_0_0_1_0_0_P1_A_0_0_0_0_M1.SLDASM",".SLDASM"
"STP","STEP Dosyası","STEP uzantisi.","1100_ELEKTRİK\1150_MOTOR\KR_10_3_0_2E80M_DA_ML115A_0_0_0_1_0_0_P1_A_0_0_0_0_M1.step","1100_ELEKTRİK\1150_MOTOR\STP_0047_KR_10_3_0_2E80M_DA_ML115A_0_0_0_1_0_0_P1_A_0_0_0_0_M1.step",".step"
"ELK","Elektrik","ELEKTRIK/ENCODER ifadesi.","1100_ELEKTRİK\1150_MOTOR\KR_10_3_0_2E80M_DA_ML115A_0_0_0_1_0_0_P1_A_0_0_0_0_M1_STEP_0 (1).zip","1100_ELEKTRİK\1150_MOTOR\ELK_0048_KR_10_3_0_2E80M_DA_ML115A_0_0_0_1_0_0_P1_A_0_0_0_0_M1_STEP_0 (1).zip",".zip"
"ELK","Elektrik","ELEKTRIK/ENCODER ifadesi.","1100_ELEKTRİK\1150_MOTOR\ML115A_Varsay_X2_0131_X0_lan.SLDPRT","1100_ELEKTRİK\1150_MOTOR\ELK_0049_ML115A_Varsay_X2_0131_X0_lan.SLDPRT",".SLDPRT"
"ELK","Elektrik","ELEKTRIK/ENCODER ifadesi.","1100_ELEKTRİK\1150_MOTOR\MOTOR_REDUKTOR.SLDASM","1100_ELEKTRİK\1150_MOTOR\ELK_0050_MOTOR_REDUKTOR.SLDASM",".SLDASM"
"ELK","Elektrik","ELEKTRIK/ENCODER ifadesi.","1100_ELEKTRİK\1150_MOTOR\RK_2E80_Varsay_X2_0131_X0_lan.SLDPRT","1100_ELEKTRİK\1150_MOTOR\ELK_0051_RK_2E80_Varsay_X2_0131_X0_lan.SLDPRT",".SLDPRT"
"ELK","Elektrik","ELEKTRIK/ENCODER ifadesi.","1100_ELEKTRİK\1150_MOTOR\T_2E80_1_Varsay_X2_0131_X0_lan.SLDPRT","1100_ELEKTRİK\1150_MOTOR\ELK_0052_T_2E80_1_Varsay_X2_0131_X0_lan.SLDPRT",".SLDPRT"
"ELK","Elektrik","ELEKTRIK/ENCODER ifadesi.","1100_ELEKTRİK\1200_LOADCELL\1200_FLINTEC_PC6 LOADCELL.SLDASM","1100_ELEKTRİK\1200_LOADCELL\ELK_0053_1200_FLINTEC_PC6 LOADCELL.SLDASM",".SLDASM"
"ELK","Elektrik","ELEKTRIK/ENCODER ifadesi.","1100_ELEKTRİK\1200_LOADCELL\1210_MZR6060.SLDPRT","1100_ELEKTRİK\1200_LOADCELL\ELK_0054_1210_MZR6060.SLDPRT",".SLDPRT"
"ELK","Elektrik","ELEKTRIK/ENCODER ifadesi.","1100_ELEKTRİK\1200_LOADCELL\1211_MZR6060.SLDPRT","1100_ELEKTRİK\1200_LOADCELL\ELK_0055_1211_MZR6060.SLDPRT",".SLDPRT"
"ELK","Elektrik","ELEKTRIK/ENCODER ifadesi.","1100_ELEKTRİK\1200_LOADCELL\1212_SAC.SLDPRT","1100_ELEKTRİK\1200_LOADCELL\ELK_0056_1212_SAC.SLDPRT",".SLDPRT"
"ELK","Elektrik","ELEKTRIK/ENCODER ifadesi.","1100_ELEKTRİK\1200_LOADCELL\1213_M10 TİJ.SLDPRT","1100_ELEKTRİK\1200_LOADCELL\ELK_0057_1213_M10 TİJ.SLDPRT",".SLDPRT"
"TRN","Torna Freze","TORNA/FREZE/MIL ifadesi.","1100_ELEKTRİK\1200_LOADCELL\1214_mil.SLDPRT","1100_ELEKTRİK\1200_LOADCELL\TRN_0058_1214_mil.SLDPRT",".SLDPRT"
"ELK","Elektrik","ELEKTRIK/ENCODER ifadesi.","1100_ELEKTRİK\1200_LOADCELL\1215_SAC.SLDPRT","1100_ELEKTRİK\1200_LOADCELL\ELK_0059_1215_SAC.SLDPRT",".SLDPRT"
"PRF","Profil","PROFIL ifadesi.","1100_ELEKTRİK\1200_LOADCELL\1216_PROFİL.SLDPRT","1100_ELEKTRİK\1200_LOADCELL\PRF_0060_1216_PROFİL.SLDPRT",".SLDPRT"
"PRF","Profil","PROFIL ifadesi.","120_IGES DOSYASI\1016_40X80X4_PROFİL_1 ADET.IGS","120_IGES DOSYASI\PRF_0061_1016_40X80X4_PROFİL_1 ADET.IGS",".IGS"
"ICH","İç Hizmet","Varsayilan ic hizmet grubu.","120_IGES DOSYASI\120_IGES DOSYASI.rar","120_IGES DOSYASI\ICH_0062_120_IGES DOSYASI.rar",".rar"
"PRF","Profil","PROFIL ifadesi.","120_IGES DOSYASI\512_40X40X2 PROFİL_2 ADET.IGS","120_IGES DOSYASI\PRF_0063_512_40X40X2 PROFİL_2 ADET.IGS",".IGS"
"PRF","Profil","PROFIL ifadesi.","120_IGES DOSYASI\513_40X40X2 PROFİL_2 ADET.IGS","120_IGES DOSYASI\PRF_0064_513_40X40X2 PROFİL_2 ADET.IGS",".IGS"
"PRF","Profil","PROFIL ifadesi.","120_IGES DOSYASI\554_80X80X4_PROFİL_4 ADET.IGS","120_IGES DOSYASI\PRF_0065_554_80X80X4_PROFİL_4 ADET.IGS",".IGS"
"PRF","Profil","PROFIL ifadesi.","120_IGES DOSYASI\561_80X80X4_PROFİL_4 ADET.IGS","120_IGES DOSYASI\PRF_0066_561_80X80X4_PROFİL_4 ADET.IGS",".IGS"
"PRF","Profil","PROFIL ifadesi.","120_IGES DOSYASI\611_40X80X4_PROFİL_2 ADET.IGS","120_IGES DOSYASI\PRF_0067_611_40X80X4_PROFİL_2 ADET.IGS",".IGS"
"PRF","Profil","PROFIL ifadesi.","120_IGES DOSYASI\612_40X80X4_PROFİL_2 ADET.IGS","120_IGES DOSYASI\PRF_0068_612_40X80X4_PROFİL_2 ADET.IGS",".IGS"
"PRF","Profil","PROFIL ifadesi.","120_IGES DOSYASI\691_30X30X2_PROFİL_2 ADET.IGS","120_IGES DOSYASI\PRF_0069_691_30X30X2_PROFİL_2 ADET.IGS",".IGS"
"IGS","IGES Dosyası","IGS uzantisi.","120_IGES DOSYASI\692_30X30X2_RROFİL_2 ADET.IGS","120_IGES DOSYASI\IGS_0070_692_30X30X2_RROFİL_2 ADET.IGS",".IGS"
"PRF","Profil","PROFIL ifadesi.","120_IGES DOSYASI\693_30X30X2_PROFİL_5 ADET.IGS","120_IGES DOSYASI\PRF_0071_693_30X30X2_PROFİL_5 ADET.IGS",".IGS"
"PRF","Profil","PROFIL ifadesi.","120_IGES DOSYASI\921_40X40X2_PROFİL_2 ADET.IGS","120_IGES DOSYASI\PRF_0072_921_40X40X2_PROFİL_2 ADET.IGS",".IGS"
"PRF","Profil","PROFIL ifadesi.","120_IGES DOSYASI\922_40X40X2_PROFİL_2 ADET.IGS","120_IGES DOSYASI\PRF_0073_922_40X40X2_PROFİL_2 ADET.IGS",".IGS"
"PRF","Profil","PROFIL ifadesi.","120_IGES DOSYASI\923_40X40X2_PROFİL_2 ADET.IGS","120_IGES DOSYASI\PRF_0074_923_40X40X2_PROFİL_2 ADET.IGS",".IGS"
"TRN","Torna Freze","TORNA/FREZE/MIL ifadesi.","130_STEP DOSYASI\643_MİL.STEP","130_STEP DOSYASI\TRN_0075_643_MİL.STEP",".STEP"
"STP","STEP Dosyası","STEP uzantisi.","130_STEP DOSYASI\711_AL KOSEBENT.STEP","130_STEP DOSYASI\STP_0076_711_AL KOSEBENT.STEP",".STEP"
"STP","STEP Dosyası","STEP uzantisi.","130_STEP DOSYASI\801_P1000_1.STEP","130_STEP DOSYASI\STP_0077_801_P1000_1.STEP",".STEP"
"STP","STEP Dosyası","STEP uzantisi.","130_STEP DOSYASI\801_P1000_2.STEP","130_STEP DOSYASI\STP_0078_801_P1000_2.STEP",".STEP"
"STP","STEP Dosyası","STEP uzantisi.","130_STEP DOSYASI\802_P1000 .STEP","130_STEP DOSYASI\STP_0079_802_P1000 .STEP",".STEP"
"STP","STEP Dosyası","STEP uzantisi.","130_STEP DOSYASI\Aynalama801_P1000_1.STEP","130_STEP DOSYASI\STP_0080_Aynalama801_P1000_1.STEP",".STEP"
"STP","STEP Dosyası","STEP uzantisi.","130_STEP DOSYASI\Aynalama801_P1000_2.STEP","130_STEP DOSYASI\STP_0081_Aynalama801_P1000_2.STEP",".STEP"
"ICH","İç Hizmet","Varsayilan ic hizmet grubu.","150_DVG\150_DVG.rar","150_DVG\ICH_0082_150_DVG.rar",".rar"
"DXF","DXF Kesim","DXF uzantisi.","150_DVG\SAL_1012_M10_1 ADET.dxf","150_DVG\DXF_0083_SAL_1012_M10_1 ADET.dxf",".dxf"
"DXF","DXF Kesim","DXF uzantisi.","150_DVG\SAL_1015_10mm_1 ADET.dxf","150_DVG\DXF_0084_SAL_1015_10mm_1 ADET.dxf",".dxf"
"DXF","DXF Kesim","DXF uzantisi.","150_DVG\SAL_1112_3mm_1 ADET.dxf","150_DVG\DXF_0085_SAL_1112_3mm_1 ADET.dxf",".dxf"
"DXF","DXF Kesim","DXF uzantisi.","150_DVG\SAL_1152_4mm_1 ADET.dxf","150_DVG\DXF_0086_SAL_1152_4mm_1 ADET.dxf",".dxf"
"DXF","DXF Kesim","DXF uzantisi.","150_DVG\SAL_1153_4mm_1 ADET.dxf","150_DVG\DXF_0087_SAL_1153_4mm_1 ADET.dxf",".dxf"
"DXF","DXF Kesim","DXF uzantisi.","150_DVG\SAL_1212_10mm_1 ADET.DXF","150_DVG\DXF_0088_SAL_1212_10mm_1 ADET.DXF",".DXF"
"DXF","DXF Kesim","DXF uzantisi.","150_DVG\SAL_1215_10mm_1 ADET.DXF","150_DVG\DXF_0089_SAL_1215_10mm_1 ADET.DXF",".DXF"
"DXF","DXF Kesim","DXF uzantisi.","150_DVG\SAL_521_10_mm_4 ADET.dxf","150_DVG\DXF_0090_SAL_521_10_mm_4 ADET.dxf",".dxf"
"DXF","DXF Kesim","DXF uzantisi.","150_DVG\SAL_551_10mm_4 ADET.dxf","150_DVG\DXF_0091_SAL_551_10mm_4 ADET.dxf",".dxf"
"DXF","DXF Kesim","DXF uzantisi.","150_DVG\SAL_552_10mm_8 ADET.dxf","150_DVG\DXF_0092_SAL_552_10mm_8 ADET.dxf",".dxf"
"DXF","DXF Kesim","DXF uzantisi.","150_DVG\SAL_553_10mm_4 ADET.dxf","150_DVG\DXF_0093_SAL_553_10mm_4 ADET.dxf",".dxf"
"DXF","DXF Kesim","DXF uzantisi.","150_DVG\SAL_562_10mm_4 ADET.dxf","150_DVG\DXF_0094_SAL_562_10mm_4 ADET.dxf",".dxf"
"DXF","DXF Kesim","DXF uzantisi.","150_DVG\SAL_563_3mm_1 ADET.dxf","150_DVG\DXF_0095_SAL_563_3mm_1 ADET.dxf",".dxf"
"DXF","DXF Kesim","DXF uzantisi.","150_DVG\SAL_632_6mm_4 ADET.dxf","150_DVG\DXF_0096_SAL_632_6mm_4 ADET.dxf",".dxf"
"DXF","DXF Kesim","DXF uzantisi.","150_DVG\SAL_642_6mm_4 ADET.DXF","150_DVG\DXF_0097_SAL_642_6mm_4 ADET.DXF",".DXF"
"DXF","DXF Kesim","DXF uzantisi.","150_DVG\SAL_660_5mm_8 ADET.dxf","150_DVG\DXF_0098_SAL_660_5mm_8 ADET.dxf",".dxf"
"DXF","DXF Kesim","DXF uzantisi.","150_DVG\SAL_661_10mm_2 ADET.dxf","150_DVG\DXF_0099_SAL_661_10mm_2 ADET.dxf",".dxf"
"DXF","DXF Kesim","DXF uzantisi.","150_DVG\SAL_662_10mm_4 ADET.dxf","150_DVG\DXF_0100_SAL_662_10mm_4 ADET.dxf",".dxf"
"DXF","DXF Kesim","DXF uzantisi.","150_DVG\SAL_663A_10mm_2 ADET.dxf","150_DVG\DXF_0101_SAL_663A_10mm_2 ADET.dxf",".dxf"
"DXF","DXF Kesim","DXF uzantisi.","150_DVG\SAL_663_10mm_2 ADET.dxf","150_DVG\DXF_0102_SAL_663_10mm_2 ADET.dxf",".dxf"
"DXF","DXF Kesim","DXF uzantisi.","150_DVG\SAL_664_10mm_1 ADET.dxf","150_DVG\DXF_0103_SAL_664_10mm_1 ADET.dxf",".dxf"
"DXF","DXF Kesim","DXF uzantisi.","150_DVG\SAL_665_10mm_1 ADET.dxf","150_DVG\DXF_0104_SAL_665_10mm_1 ADET.dxf",".dxf"
"DXF","DXF Kesim","DXF uzantisi.","150_DVG\SAL_666_5mm_8 ADET.dxf","150_DVG\DXF_0105_SAL_666_5mm_8 ADET.dxf",".dxf"
"DXF","DXF Kesim","DXF uzantisi.","150_DVG\SAL_681_10mm_2 ADET.dxf","150_DVG\DXF_0106_SAL_681_10mm_2 ADET.dxf",".dxf"
"DXF","DXF Kesim","DXF uzantisi.","150_DVG\SAL_682_10mm_2 ADET.dxf","150_DVG\DXF_0107_SAL_682_10mm_2 ADET.dxf",".dxf"
"DXF","DXF Kesim","DXF uzantisi.","150_DVG\SAL_694_8mm_4 ADET.dxf","150_DVG\DXF_0108_SAL_694_8mm_4 ADET.dxf",".dxf"
"DXF","DXF Kesim","DXF uzantisi.","150_DVG\SAL_712_4mm_2 ADET.dxf","150_DVG\DXF_0109_SAL_712_4mm_2 ADET.dxf",".dxf"
"DXF","DXF Kesim","DXF uzantisi.","150_DVG\SAL_911_2mm_2 ADET.dxf","150_DVG\DXF_0110_SAL_911_2mm_2 ADET.dxf",".dxf"
"DXF","DXF Kesim","DXF uzantisi.","150_DVG\SAL_913A_3mm_1 ADET.dxf","150_DVG\DXF_0111_SAL_913A_3mm_1 ADET.dxf",".dxf"
"DXF","DXF Kesim","DXF uzantisi.","150_DVG\SAL_924_10mm_2 ADET.DXF","150_DVG\DXF_0112_SAL_924_10mm_2 ADET.DXF",".DXF"
"DXF","DXF Kesim","DXF uzantisi.","150_DVG\SAL_925_10mm_2 ADET.DXF","150_DVG\DXF_0113_SAL_925_10mm_2 ADET.DXF",".DXF"
"DXF","DXF Kesim","DXF uzantisi.","150_DVG\SAL_950_2mm_1 ADET.dxf","150_DVG\DXF_0114_SAL_950_2mm_1 ADET.dxf",".dxf"
"BKM","Büküm","BUKUM klasoru veya adi.","200_TEKNİK RESİM\BUKUM\1112_SAC.SLDDRW","200_TEKNİK RESİM\BUKUM\BKM_0115_1112_SAC.SLDDRW",".SLDDRW"
"BKM","Büküm","BUKUM klasoru veya adi.","200_TEKNİK RESİM\BUKUM\1152_SAC REDUKTOR.SLDDRW","200_TEKNİK RESİM\BUKUM\BKM_0116_1152_SAC REDUKTOR.SLDDRW",".SLDDRW"
"BKM","Büküm","BUKUM klasoru veya adi.","200_TEKNİK RESİM\BUKUM\1153_SAC REDUKTOR.SLDDRW","200_TEKNİK RESİM\BUKUM\BKM_0117_1153_SAC REDUKTOR.SLDDRW",".SLDDRW"
"BKM","Büküm","BUKUM klasoru veya adi.","200_TEKNİK RESİM\BUKUM\521_SAC.SLDDRW","200_TEKNİK RESİM\BUKUM\BKM_0118_521_SAC.SLDDRW",".SLDDRW"
"BKM","Büküm","BUKUM klasoru veya adi.","200_TEKNİK RESİM\BUKUM\660_SAC.SLDDRW","200_TEKNİK RESİM\BUKUM\BKM_0119_660_SAC.SLDDRW",".SLDDRW"
"BKM","Büküm","BUKUM klasoru veya adi.","200_TEKNİK RESİM\BUKUM\662_SAC.SLDDRW","200_TEKNİK RESİM\BUKUM\BKM_0120_662_SAC.SLDDRW",".SLDDRW"
"BKM","Büküm","BUKUM klasoru veya adi.","200_TEKNİK RESİM\BUKUM\911_PASLANMAZ.SLDDRW","200_TEKNİK RESİM\BUKUM\BKM_0121_911_PASLANMAZ.SLDDRW",".SLDDRW"
"BKM","Büküm","BUKUM klasoru veya adi.","200_TEKNİK RESİM\BUKUM\912_PASLANMAZ.SLDDRW","200_TEKNİK RESİM\BUKUM\BKM_0122_912_PASLANMAZ.SLDDRW",".SLDDRW"
"BKM","Büküm","BUKUM klasoru veya adi.","200_TEKNİK RESİM\BUKUM\950_YALAK.SLDDRW","200_TEKNİK RESİM\BUKUM\BKM_0123_950_YALAK.SLDDRW",".SLDDRW"
"ICH","İç Hizmet","Varsayilan ic hizmet grubu.","200_TEKNİK RESİM\IMALAT\663_SAC.SLDDRW","200_TEKNİK RESİM\IMALAT\ICH_0124_663_SAC.SLDDRW",".SLDDRW"
"MNT","Montaj","MONTAJ ifadesi.","200_TEKNİK RESİM\MONTAJ\640_SİLİNDİR.pdf","200_TEKNİK RESİM\MONTAJ\MNT_0125_640_SİLİNDİR.pdf",".pdf"
"MNT","Montaj","MONTAJ ifadesi.","200_TEKNİK RESİM\MONTAJ\640_SİLİNDİR.SLDDRW","200_TEKNİK RESİM\MONTAJ\MNT_0126_640_SİLİNDİR.SLDDRW",".SLDDRW"
"MNT","Montaj","MONTAJ ifadesi.","200_TEKNİK RESİM\MONTAJ\701_SIYIRICI.SLDDRW","200_TEKNİK RESİM\MONTAJ\MNT_0127_701_SIYIRICI.SLDDRW",".SLDDRW"
"MNT","Montaj","MONTAJ ifadesi.","200_TEKNİK RESİM\MONTAJ\800_P1000.SLDDRW","200_TEKNİK RESİM\MONTAJ\MNT_0128_800_P1000.SLDDRW",".SLDDRW"
"PRF","Profil","PROFIL ifadesi.","200_TEKNİK RESİM\PROFİL\500_SASİ.SLDDRW","200_TEKNİK RESİM\PROFİL\PRF_0129_500_SASİ.SLDDRW",".SLDDRW"
"PRF","Profil","PROFIL ifadesi.","200_TEKNİK RESİM\PROFİL\550_AYAK.SLDDRW","200_TEKNİK RESİM\PROFİL\PRF_0130_550_AYAK.SLDDRW",".SLDDRW"
"PRF","Profil","PROFIL ifadesi.","200_TEKNİK RESİM\PROFİL\600_KONVOYOR.SLDDRW","200_TEKNİK RESİM\PROFİL\PRF_0131_600_KONVOYOR.SLDDRW",".SLDDRW"
"PRF","Profil","PROFIL ifadesi.","200_TEKNİK RESİM\PROFİL\613_30X30X2_PROFİL.SLDDRW","200_TEKNİK RESİM\PROFİL\PRF_0132_613_30X30X2_PROFİL.SLDDRW",".SLDDRW"
"PRF","Profil","PROFIL ifadesi.","200_TEKNİK RESİM\PROFİL\920_40X40X3 PROFİL.SLDDRW","200_TEKNİK RESİM\PROFİL\PRF_0133_920_40X40X3 PROFİL.SLDDRW",".SLDDRW"
"PRF","Profil","PROFIL ifadesi.","200_TEKNİK RESİM\PROFİL\920_HUNİ KOLU.SLDDRW","200_TEKNİK RESİM\PROFİL\PRF_0134_920_HUNİ KOLU.SLDDRW",".SLDDRW"
"STN","Satın Alma","SATIN ALMA klasoru veya adi.","200_TEKNİK RESİM\SATIN ALMA\650_BANT.SLDDRW","200_TEKNİK RESİM\SATIN ALMA\STN_0135_650_BANT.SLDDRW",".SLDDRW"
"STN","Satın Alma","SATIN ALMA klasoru veya adi.","200_TEKNİK RESİM\SATIN ALMA\721_MAVİ BANT.SLDDRW","200_TEKNİK RESİM\SATIN ALMA\STN_0136_721_MAVİ BANT.SLDDRW",".SLDDRW"
"TRN","Torna Freze","TORNA/FREZE/MIL ifadesi.","200_TEKNİK RESİM\TORNA_FREZE\1014_mil.SLDDRW","200_TEKNİK RESİM\TORNA_FREZE\TRN_0137_1014_mil.SLDDRW",".SLDDRW"
"TRN","Torna Freze","TORNA/FREZE/MIL ifadesi.","200_TEKNİK RESİM\TORNA_FREZE\531_DOLU MALZEME.SLDDRW","200_TEKNİK RESİM\TORNA_FREZE\TRN_0138_531_DOLU MALZEME.SLDDRW",".SLDDRW"
"TRN","Torna Freze","TORNA/FREZE/MIL ifadesi.","200_TEKNİK RESİM\TORNA_FREZE\610_CİVATA YATAK.SLDDRW","200_TEKNİK RESİM\TORNA_FREZE\TRN_0139_610_CİVATA YATAK.SLDDRW",".SLDDRW"
"TRN","Torna Freze","TORNA/FREZE/MIL ifadesi.","200_TEKNİK RESİM\TORNA_FREZE\621_BORU.SLDDRW","200_TEKNİK RESİM\TORNA_FREZE\TRN_0140_621_BORU.SLDDRW",".SLDDRW"
"TRN","Torna Freze","TORNA/FREZE/MIL ifadesi.","200_TEKNİK RESİM\TORNA_FREZE\623_MİL.SLDDRW","200_TEKNİK RESİM\TORNA_FREZE\TRN_0141_623_MİL.SLDDRW",".SLDDRW"
"TRN","Torna Freze","TORNA/FREZE/MIL ifadesi.","200_TEKNİK RESİM\TORNA_FREZE\630_SİLİNDİR.SLDDRW","200_TEKNİK RESİM\TORNA_FREZE\TRN_0142_630_SİLİNDİR.SLDDRW",".SLDDRW"
"TRN","Torna Freze","TORNA/FREZE/MIL ifadesi.","200_TEKNİK RESİM\TORNA_FREZE\631_641 BORU.SLDDRW","200_TEKNİK RESİM\TORNA_FREZE\TRN_0143_631_641 BORU.SLDDRW",".SLDDRW"
"TRN","Torna Freze","TORNA/FREZE/MIL ifadesi.","200_TEKNİK RESİM\TORNA_FREZE\632_SAC.SLDDRW","200_TEKNİK RESİM\TORNA_FREZE\TRN_0144_632_SAC.SLDDRW",".SLDDRW"
"TRN","Torna Freze","TORNA/FREZE/MIL ifadesi.","200_TEKNİK RESİM\TORNA_FREZE\633_MİL.SLDDRW","200_TEKNİK RESİM\TORNA_FREZE\TRN_0145_633_MİL.SLDDRW",".SLDDRW"
"TRN","Torna Freze","TORNA/FREZE/MIL ifadesi.","200_TEKNİK RESİM\TORNA_FREZE\640_SİLİNDİR.SLDDRW","200_TEKNİK RESİM\TORNA_FREZE\TRN_0146_640_SİLİNDİR.SLDDRW",".SLDDRW"
"TRN","Torna Freze","TORNA/FREZE/MIL ifadesi.","200_TEKNİK RESİM\TORNA_FREZE\643_MİL.SLDDRW","200_TEKNİK RESİM\TORNA_FREZE\TRN_0147_643_MİL.SLDDRW",".SLDDRW"
"TRN","Torna Freze","TORNA/FREZE/MIL ifadesi.","200_TEKNİK RESİM\TORNA_FREZE\713_MİL.SLDDRW","200_TEKNİK RESİM\TORNA_FREZE\TRN_0148_713_MİL.SLDDRW",".SLDDRW"
"TRN","Torna Freze","TORNA/FREZE/MIL ifadesi.","200_TEKNİK RESİM\TORNA_FREZE\730_CİVATA YATAK.SLDDRW","200_TEKNİK RESİM\TORNA_FREZE\TRN_0149_730_CİVATA YATAK.SLDDRW",".SLDDRW"
"ICH","İç Hizmet","Varsayilan ic hizmet grubu.","300_BAGLANTI PARCALARI\320_M6 PUL.SLDPRT","300_BAGLANTI PARCALARI\ICH_0150_320_M6 PUL.SLDPRT",".SLDPRT"
"ICH","İç Hizmet","Varsayilan ic hizmet grubu.","300_BAGLANTI PARCALARI\321_M6X15.SLDPRT","300_BAGLANTI PARCALARI\ICH_0151_321_M6X15.SLDPRT",".SLDPRT"
"ICH","İç Hizmet","Varsayilan ic hizmet grubu.","300_BAGLANTI PARCALARI\322_M6X20.SLDPRT","300_BAGLANTI PARCALARI\ICH_0152_322_M6X20.SLDPRT",".SLDPRT"
"TDK","Tedarik","Tedarik sinyal kelimesi.","300_BAGLANTI PARCALARI\338_M8X40 HAVSA CİVATA.SLDPRT","300_BAGLANTI PARCALARI\TDK_0153_338_M8X40 HAVSA CİVATA.SLDPRT",".SLDPRT"
"TDK","Tedarik","Tedarik sinyal kelimesi.","300_BAGLANTI PARCALARI\339_M8X20 HAVSA CİVATA.SLDPRT","300_BAGLANTI PARCALARI\TDK_0154_339_M8X20 HAVSA CİVATA.SLDPRT",".SLDPRT"
"TDK","Tedarik","Tedarik sinyal kelimesi.","300_BAGLANTI PARCALARI\340_M8X10HAVSA CİVATA.SLDPRT","300_BAGLANTI PARCALARI\TDK_0155_340_M8X10HAVSA CİVATA.SLDPRT",".SLDPRT"
"TDK","Tedarik","Tedarik sinyal kelimesi.","300_BAGLANTI PARCALARI\342_M8X30 HAVSA CİVATA.SLDPRT","300_BAGLANTI PARCALARI\TDK_0156_342_M8X30 HAVSA CİVATA.SLDPRT",".SLDPRT"
"TDK","Tedarik","Tedarik sinyal kelimesi.","300_BAGLANTI PARCALARI\343_M8 SOMUN.SLDPRT","300_BAGLANTI PARCALARI\TDK_0157_343_M8 SOMUN.SLDPRT",".SLDPRT"
"ICH","İç Hizmet","Varsayilan ic hizmet grubu.","300_BAGLANTI PARCALARI\344_M8 PUL.SLDPRT","300_BAGLANTI PARCALARI\ICH_0158_344_M8 PUL.SLDPRT",".SLDPRT"
"ICH","İç Hizmet","Varsayilan ic hizmet grubu.","300_BAGLANTI PARCALARI\345_M8X20 ATG.SLDPRT","300_BAGLANTI PARCALARI\ICH_0159_345_M8X20 ATG.SLDPRT",".SLDPRT"
"ICH","İç Hizmet","Varsayilan ic hizmet grubu.","300_BAGLANTI PARCALARI\346_M8X25 ATG.SLDPRT","300_BAGLANTI PARCALARI\ICH_0160_346_M8X25 ATG.SLDPRT",".SLDPRT"
"ICH","İç Hizmet","Varsayilan ic hizmet grubu.","300_BAGLANTI PARCALARI\347_M8X15 ATG.SLDPRT","300_BAGLANTI PARCALARI\ICH_0161_347_M8X15 ATG.SLDPRT",".SLDPRT"
"TDK","Tedarik","Tedarik sinyal kelimesi.","300_BAGLANTI PARCALARI\350_M10 SOMUN.SLDPRT","300_BAGLANTI PARCALARI\TDK_0162_350_M10 SOMUN.SLDPRT",".SLDPRT"
"ICH","İç Hizmet","Varsayilan ic hizmet grubu.","300_BAGLANTI PARCALARI\351_M10X40 ATG.SLDPRT","300_BAGLANTI PARCALARI\ICH_0163_351_M10X40 ATG.SLDPRT",".SLDPRT"
"ICH","İç Hizmet","Varsayilan ic hizmet grubu.","300_BAGLANTI PARCALARI\352_M10X100 ATG.SLDPRT","300_BAGLANTI PARCALARI\ICH_0164_352_M10X100 ATG.SLDPRT",".SLDPRT"
"ICH","İç Hizmet","Varsayilan ic hizmet grubu.","300_BAGLANTI PARCALARI\353_M10 PUL.SLDPRT","300_BAGLANTI PARCALARI\ICH_0165_353_M10 PUL.SLDPRT",".SLDPRT"
"ICH","İç Hizmet","Varsayilan ic hizmet grubu.","300_BAGLANTI PARCALARI\354_M10X30 ATG.SLDPRT","300_BAGLANTI PARCALARI\ICH_0166_354_M10X30 ATG.SLDPRT",".SLDPRT"
"ICH","İç Hizmet","Varsayilan ic hizmet grubu.","300_BAGLANTI PARCALARI\355_M10X25 ATG.SLDPRT","300_BAGLANTI PARCALARI\ICH_0167_355_M10X25 ATG.SLDPRT",".SLDPRT"
"ICH","İç Hizmet","Varsayilan ic hizmet grubu.","300_BAGLANTI PARCALARI\356_M10X20 ATG.SLDPRT","300_BAGLANTI PARCALARI\ICH_0168_356_M10X20 ATG.SLDPRT",".SLDPRT"
"TDK","Tedarik","Tedarik sinyal kelimesi.","300_BAGLANTI PARCALARI\380_M16 SOMUN.SLDPRT","300_BAGLANTI PARCALARI\TDK_0169_380_M16 SOMUN.SLDPRT",".SLDPRT"
"ICH","İç Hizmet","Varsayilan ic hizmet grubu.","400_AYAK\400_AYAK.SLDASM","400_AYAK\ICH_0170_400_AYAK.SLDASM",".SLDASM"
"ICH","İç Hizmet","Varsayilan ic hizmet grubu.","400_AYAK\411_M16 TİJ.SLDPRT","400_AYAK\ICH_0171_411_M16 TİJ.SLDPRT",".SLDPRT"
"ICH","İç Hizmet","Varsayilan ic hizmet grubu.","400_AYAK\412_KAUCUK.SLDPRT","400_AYAK\ICH_0172_412_KAUCUK.SLDPRT",".SLDPRT"
"ICH","İç Hizmet","Varsayilan ic hizmet grubu.","400_AYAK\413_DOLU MALZEME.SLDPRT","400_AYAK\ICH_0173_413_DOLU MALZEME.SLDPRT",".SLDPRT"
"ICH","İç Hizmet","Varsayilan ic hizmet grubu.","500_SASİ\500_SASİ.SLDASM","500_SASİ\ICH_0174_500_SASİ.SLDASM",".SLDASM"
"ICH","İç Hizmet","Varsayilan ic hizmet grubu.","500_SASİ\501_SASİ.SLDASM","500_SASİ\ICH_0175_501_SASİ.SLDASM",".SLDASM"
"PRF","Profil","PROFIL ifadesi.","500_SASİ\512_profil.SLDPRT","500_SASİ\PRF_0176_512_profil.SLDPRT",".SLDPRT"
"PRF","Profil","PROFIL ifadesi.","500_SASİ\513_profil.SLDPRT","500_SASİ\PRF_0177_513_profil.SLDPRT",".SLDPRT"
"ICH","İç Hizmet","Varsayilan ic hizmet grubu.","500_SASİ\521_SAC.SLDPRT","500_SASİ\ICH_0178_521_SAC.SLDPRT",".SLDPRT"
"ICH","İç Hizmet","Varsayilan ic hizmet grubu.","500_SASİ\531_DOLU MALZEME.SLDPRT","500_SASİ\ICH_0179_531_DOLU MALZEME.SLDPRT",".SLDPRT"
"ICH","İç Hizmet","Varsayilan ic hizmet grubu.","500_SASİ\550_AYAK.SLDASM","500_SASİ\ICH_0180_550_AYAK.SLDASM",".SLDASM"
"ICH","İç Hizmet","Varsayilan ic hizmet grubu.","500_SASİ\551_SAC.SLDPRT","500_SASİ\ICH_0181_551_SAC.SLDPRT",".SLDPRT"
"ICH","İç Hizmet","Varsayilan ic hizmet grubu.","500_SASİ\552_SAC.SLDPRT","500_SASİ\ICH_0182_552_SAC.SLDPRT",".SLDPRT"
"ICH","İç Hizmet","Varsayilan ic hizmet grubu.","500_SASİ\553_SAC.SLDPRT","500_SASİ\ICH_0183_553_SAC.SLDPRT",".SLDPRT"
"PRF","Profil","PROFIL ifadesi.","500_SASİ\554_80X80X4 PROFİL.SLDPRT","500_SASİ\PRF_0184_554_80X80X4 PROFİL.SLDPRT",".SLDPRT"
"ICH","İç Hizmet","Varsayilan ic hizmet grubu.","500_SASİ\560_AYAK.SLDASM","500_SASİ\ICH_0185_560_AYAK.SLDASM",".SLDASM"
"ICH","İç Hizmet","Varsayilan ic hizmet grubu.","500_SASİ\560_AYAK.SLDDRW","500_SASİ\ICH_0186_560_AYAK.SLDDRW",".SLDDRW"
"PRF","Profil","PROFIL ifadesi.","500_SASİ\561_80X80X4 PROFİL.SLDPRT","500_SASİ\PRF_0187_561_80X80X4 PROFİL.SLDPRT",".SLDPRT"
"ICH","İç Hizmet","Varsayilan ic hizmet grubu.","500_SASİ\562_SAC.SLDPRT","500_SASİ\ICH_0188_562_SAC.SLDPRT",".SLDPRT"
"ICH","İç Hizmet","Varsayilan ic hizmet grubu.","500_SASİ\563_SAC.SLDPRT","500_SASİ\ICH_0189_563_SAC.SLDPRT",".SLDPRT"
"ICH","İç Hizmet","Varsayilan ic hizmet grubu.","600_KONVOYOR\600_KONVOYOR.SLDASM","600_KONVOYOR\ICH_0190_600_KONVOYOR.SLDASM",".SLDASM"
"ICH","İç Hizmet","Varsayilan ic hizmet grubu.","600_KONVOYOR\601_KONVOYOR.SLDASM","600_KONVOYOR\ICH_0191_601_KONVOYOR.SLDASM",".SLDASM"
"TDK","Tedarik","Tedarik sinyal kelimesi.","600_KONVOYOR\610_CİVATA YATAK.SLDPRT","600_KONVOYOR\TDK_0192_610_CİVATA YATAK.SLDPRT",".SLDPRT"
"PRF","Profil","PROFIL ifadesi.","600_KONVOYOR\611_40X80X4_PROFİL.SLDPRT","600_KONVOYOR\PRF_0193_611_40X80X4_PROFİL.SLDPRT",".SLDPRT"
"PRF","Profil","PROFIL ifadesi.","600_KONVOYOR\612_40X80X4_PROFİL.SLDPRT","600_KONVOYOR\PRF_0194_612_40X80X4_PROFİL.SLDPRT",".SLDPRT"
"PRF","Profil","PROFIL ifadesi.","600_KONVOYOR\613_30X30X2_PROFİL.SLDPRT","600_KONVOYOR\PRF_0195_613_30X30X2_PROFİL.SLDPRT",".SLDPRT"
"ICH","İç Hizmet","Varsayilan ic hizmet grubu.","600_KONVOYOR\620_SİLİNDİR.SLDASM","600_KONVOYOR\ICH_0196_620_SİLİNDİR.SLDASM",".SLDASM"
"ICH","İç Hizmet","Varsayilan ic hizmet grubu.","600_KONVOYOR\621_BORU.SLDPRT","600_KONVOYOR\ICH_0197_621_BORU.SLDPRT",".SLDPRT"
"TDK","Tedarik","Tedarik sinyal kelimesi.","600_KONVOYOR\622R_RULMAN.SLDPRT","600_KONVOYOR\TDK_0198_622R_RULMAN.SLDPRT",".SLDPRT"
"TDK","Tedarik","Tedarik sinyal kelimesi.","600_KONVOYOR\622_RULMAN.SLDPRT","600_KONVOYOR\TDK_0199_622_RULMAN.SLDPRT",".SLDPRT"
"TRN","Torna Freze","TORNA/FREZE/MIL ifadesi.","600_KONVOYOR\623_MİL.SLDPRT","600_KONVOYOR\TRN_0200_623_MİL.SLDPRT",".SLDPRT"
"ICH","İç Hizmet","Varsayilan ic hizmet grubu.","600_KONVOYOR\630_SİLİNDİR.SLDASM","600_KONVOYOR\ICH_0201_630_SİLİNDİR.SLDASM",".SLDASM"
"ICH","İç Hizmet","Varsayilan ic hizmet grubu.","600_KONVOYOR\631_BORU.SLDPRT","600_KONVOYOR\ICH_0202_631_BORU.SLDPRT",".SLDPRT"
"ICH","İç Hizmet","Varsayilan ic hizmet grubu.","600_KONVOYOR\632_SAC.SLDPRT","600_KONVOYOR\ICH_0203_632_SAC.SLDPRT",".SLDPRT"
"TRN","Torna Freze","TORNA/FREZE/MIL ifadesi.","600_KONVOYOR\633_MİL.SLDPRT","600_KONVOYOR\TRN_0204_633_MİL.SLDPRT",".SLDPRT"
"ICH","İç Hizmet","Varsayilan ic hizmet grubu.","600_KONVOYOR\640_SİLİNDİR.SLDASM","600_KONVOYOR\ICH_0205_640_SİLİNDİR.SLDASM",".SLDASM"
"ICH","İç Hizmet","Varsayilan ic hizmet grubu.","600_KONVOYOR\641_BORU.SLDPRT","600_KONVOYOR\ICH_0206_641_BORU.SLDPRT",".SLDPRT"
"ICH","İç Hizmet","Varsayilan ic hizmet grubu.","600_KONVOYOR\642_SAC.SLDPRT","600_KONVOYOR\ICH_0207_642_SAC.SLDPRT",".SLDPRT"
"TRN","Torna Freze","TORNA/FREZE/MIL ifadesi.","600_KONVOYOR\643_MİL.SLDPRT","600_KONVOYOR\TRN_0208_643_MİL.SLDPRT",".SLDPRT"
"ICH","İç Hizmet","Varsayilan ic hizmet grubu.","600_KONVOYOR\644_KAMA.SLDPRT","600_KONVOYOR\ICH_0209_644_KAMA.SLDPRT",".SLDPRT"
"ICH","İç Hizmet","Varsayilan ic hizmet grubu.","600_KONVOYOR\645_KAPLAMA.SLDPRT","600_KONVOYOR\ICH_0210_645_KAPLAMA.SLDPRT",".SLDPRT"
"TDK","Tedarik","Tedarik sinyal kelimesi.","600_KONVOYOR\650_BANT.SLDPRT","600_KONVOYOR\TDK_0211_650_BANT.SLDPRT",".SLDPRT"
"ICH","İç Hizmet","Varsayilan ic hizmet grubu.","600_KONVOYOR\660_SAC.SLDPRT","600_KONVOYOR\ICH_0212_660_SAC.SLDPRT",".SLDPRT"
"ICH","İç Hizmet","Varsayilan ic hizmet grubu.","600_KONVOYOR\661_SAC.SLDPRT","600_KONVOYOR\ICH_0213_661_SAC.SLDPRT",".SLDPRT"
"ICH","İç Hizmet","Varsayilan ic hizmet grubu.","600_KONVOYOR\662_SAC.SLDPRT","600_KONVOYOR\ICH_0214_662_SAC.SLDPRT",".SLDPRT"
"ICH","İç Hizmet","Varsayilan ic hizmet grubu.","600_KONVOYOR\663_SAC.SLDPRT","600_KONVOYOR\ICH_0215_663_SAC.SLDPRT",".SLDPRT"
"ICH","İç Hizmet","Varsayilan ic hizmet grubu.","600_KONVOYOR\664_SAC.SLDPRT","600_KONVOYOR\ICH_0216_664_SAC.SLDPRT",".SLDPRT"
"ICH","İç Hizmet","Varsayilan ic hizmet grubu.","600_KONVOYOR\665_SAC.SLDPRT","600_KONVOYOR\ICH_0217_665_SAC.SLDPRT",".SLDPRT"
"ICH","İç Hizmet","Varsayilan ic hizmet grubu.","600_KONVOYOR\666_SAC.SLDPRT","600_KONVOYOR\ICH_0218_666_SAC.SLDPRT",".SLDPRT"
"ICH","İç Hizmet","Varsayilan ic hizmet grubu.","600_KONVOYOR\667_SAC.SLDPRT","600_KONVOYOR\ICH_0219_667_SAC.SLDPRT",".SLDPRT"
"ICH","İç Hizmet","Varsayilan ic hizmet grubu.","600_KONVOYOR\668_SAC.SLDPRT","600_KONVOYOR\ICH_0220_668_SAC.SLDPRT",".SLDPRT"
"TDK","Tedarik","Tedarik sinyal kelimesi.","600_KONVOYOR\670MANCAL UCF-206.SLDPRT","600_KONVOYOR\TDK_0221_670MANCAL UCF-206.SLDPRT",".SLDPRT"
"ICH","İç Hizmet","Varsayilan ic hizmet grubu.","600_KONVOYOR\680_STOPER.SLDASM","600_KONVOYOR\ICH_0222_680_STOPER.SLDASM",".SLDASM"
"ICH","İç Hizmet","Varsayilan ic hizmet grubu.","600_KONVOYOR\681_SAC.SLDPRT","600_KONVOYOR\ICH_0223_681_SAC.SLDPRT",".SLDPRT"
"ICH","İç Hizmet","Varsayilan ic hizmet grubu.","600_KONVOYOR\682_SAC.SLDPRT","600_KONVOYOR\ICH_0224_682_SAC.SLDPRT",".SLDPRT"
"ICH","İç Hizmet","Varsayilan ic hizmet grubu.","600_KONVOYOR\683_20 IC SEGMAN.SLDPRT","600_KONVOYOR\ICH_0225_683_20 IC SEGMAN.SLDPRT",".SLDPRT"
"ICH","İç Hizmet","Varsayilan ic hizmet grubu.","600_KONVOYOR\690_IZGARA.SLDASM","600_KONVOYOR\ICH_0226_690_IZGARA.SLDASM",".SLDASM"
"PRF","Profil","PROFIL ifadesi.","600_KONVOYOR\691_PROFİL.SLDPRT","600_KONVOYOR\PRF_0227_691_PROFİL.SLDPRT",".SLDPRT"
"PRF","Profil","PROFIL ifadesi.","600_KONVOYOR\692_PROFİL.SLDPRT","600_KONVOYOR\PRF_0228_692_PROFİL.SLDPRT",".SLDPRT"
"PRF","Profil","PROFIL ifadesi.","600_KONVOYOR\693_PROFİL.SLDPRT","600_KONVOYOR\PRF_0229_693_PROFİL.SLDPRT",".SLDPRT"
"ICH","İç Hizmet","Varsayilan ic hizmet grubu.","600_KONVOYOR\694_SAC.SLDPRT","600_KONVOYOR\ICH_0230_694_SAC.SLDPRT",".SLDPRT"
"ICH","İç Hizmet","Varsayilan ic hizmet grubu.","600_KONVOYOR\Aynalama660_SAC.SLDPRT","600_KONVOYOR\ICH_0231_Aynalama660_SAC.SLDPRT",".SLDPRT"
"ICH","İç Hizmet","Varsayilan ic hizmet grubu.","600_KONVOYOR\Aynalama663_SAC.SLDPRT","600_KONVOYOR\ICH_0232_Aynalama663_SAC.SLDPRT",".SLDPRT"
"ICH","İç Hizmet","Varsayilan ic hizmet grubu.","600_KONVOYOR\Aynalama666_SAC.SLDPRT","600_KONVOYOR\ICH_0233_Aynalama666_SAC.SLDPRT",".SLDPRT"
"ICH","İç Hizmet","Varsayilan ic hizmet grubu.","600_KONVOYOR\Parça1143.SLDPRT","600_KONVOYOR\ICH_0234_Parça1143.SLDPRT",".SLDPRT"
"ICH","İç Hizmet","Varsayilan ic hizmet grubu.","700_SIYIRICI\700_SIYIRICI.SLDASM","700_SIYIRICI\ICH_0235_700_SIYIRICI.SLDASM",".SLDASM"
"ICH","İç Hizmet","Varsayilan ic hizmet grubu.","700_SIYIRICI\701_SIYIRICI.SLDASM","700_SIYIRICI\ICH_0236_701_SIYIRICI.SLDASM",".SLDASM"
"ICH","İç Hizmet","Varsayilan ic hizmet grubu.","700_SIYIRICI\711_AL KOSEBENT.SLDPRT","700_SIYIRICI\ICH_0237_711_AL KOSEBENT.SLDPRT",".SLDPRT"
"ICH","İç Hizmet","Varsayilan ic hizmet grubu.","700_SIYIRICI\712_SAC.SLDPRT","700_SIYIRICI\ICH_0238_712_SAC.SLDPRT",".SLDPRT"
"TRN","Torna Freze","TORNA/FREZE/MIL ifadesi.","700_SIYIRICI\713_MİL.SLDPRT","700_SIYIRICI\TRN_0239_713_MİL.SLDPRT",".SLDPRT"
"TDK","Tedarik","Tedarik sinyal kelimesi.","700_SIYIRICI\720_MAVİ BANT.SLDPRT","700_SIYIRICI\TDK_0240_720_MAVİ BANT.SLDPRT",".SLDPRT"
"TDK","Tedarik","Tedarik sinyal kelimesi.","700_SIYIRICI\721_MAVİ BANT.SLDPRT","700_SIYIRICI\TDK_0241_721_MAVİ BANT.SLDPRT",".SLDPRT"
"TDK","Tedarik","Tedarik sinyal kelimesi.","700_SIYIRICI\730_CİVATA YATAK.SLDPRT","700_SIYIRICI\TDK_0242_730_CİVATA YATAK.SLDPRT",".SLDPRT"
"ICH","İç Hizmet","Varsayilan ic hizmet grubu.","700_SIYIRICI\750 SIYIRICI.SLDASM","700_SIYIRICI\ICH_0243_750 SIYIRICI.SLDASM",".SLDASM"
"ICH","İç Hizmet","Varsayilan ic hizmet grubu.","700_SIYIRICI\751.SLDPRT","700_SIYIRICI\ICH_0244_751.SLDPRT",".SLDPRT"
"ICH","İç Hizmet","Varsayilan ic hizmet grubu.","700_SIYIRICI\752.SLDPRT","700_SIYIRICI\ICH_0245_752.SLDPRT",".SLDPRT"
"STP","STEP Dosyası","STEP uzantisi.","700_SIYIRICI\752_R1.STEP","700_SIYIRICI\STP_0246_752_R1.STEP",".STEP"
"STP","STEP Dosyası","STEP uzantisi.","700_SIYIRICI\752_R2.STEP","700_SIYIRICI\STP_0247_752_R2.STEP",".STEP"
"ICH","İç Hizmet","Varsayilan ic hizmet grubu.","700_SIYIRICI\753.SLDPRT","700_SIYIRICI\ICH_0248_753.SLDPRT",".SLDPRT"
"ICH","İç Hizmet","Varsayilan ic hizmet grubu.","700_SIYIRICI\754.SLDPRT","700_SIYIRICI\ICH_0249_754.SLDPRT",".SLDPRT"
"TDK","Tedarik","Tedarik sinyal kelimesi.","800_P1000 KESTAMİT\800_P1000.SLDASM","800_P1000 KESTAMİT\TDK_0250_800_P1000.SLDASM",".SLDASM"
"TDK","Tedarik","Tedarik sinyal kelimesi.","800_P1000 KESTAMİT\801_P1000.SLDPRT","800_P1000 KESTAMİT\TDK_0251_801_P1000.SLDPRT",".SLDPRT"
"TDK","Tedarik","Tedarik sinyal kelimesi.","800_P1000 KESTAMİT\802_P1000 .SLDPRT","800_P1000 KESTAMİT\TDK_0252_802_P1000 .SLDPRT",".SLDPRT"
"TDK","Tedarik","Tedarik sinyal kelimesi.","800_P1000 KESTAMİT\Aynalama801_P1000.SLDPRT","800_P1000 KESTAMİT\TDK_0253_Aynalama801_P1000.SLDPRT",".SLDPRT"
"ICH","İç Hizmet","Varsayilan ic hizmet grubu.","900_HUNİ_YALAK\900 HUNİ.SLDASM","900_HUNİ_YALAK\ICH_0254_900 HUNİ.SLDASM",".SLDASM"
"TDK","Tedarik","Tedarik sinyal kelimesi.","900_HUNİ_YALAK\911_PASLANMAZ.SLDPRT","900_HUNİ_YALAK\TDK_0255_911_PASLANMAZ.SLDPRT",".SLDPRT"
"TDK","Tedarik","Tedarik sinyal kelimesi.","900_HUNİ_YALAK\912_PASLANMAZ.SLDPRT","900_HUNİ_YALAK\TDK_0256_912_PASLANMAZ.SLDPRT",".SLDPRT"
"TDK","Tedarik","Tedarik sinyal kelimesi.","900_HUNİ_YALAK\913_PASLANMAZ.SLDPRT","900_HUNİ_YALAK\TDK_0257_913_PASLANMAZ.SLDPRT",".SLDPRT"
"ICH","İç Hizmet","Varsayilan ic hizmet grubu.","900_HUNİ_YALAK\920.SLDASM","900_HUNİ_YALAK\ICH_0258_920.SLDASM",".SLDASM"
"PRF","Profil","PROFIL ifadesi.","900_HUNİ_YALAK\921_40X40X2_PROFİL.SLDPRT","900_HUNİ_YALAK\PRF_0259_921_40X40X2_PROFİL.SLDPRT",".SLDPRT"
"PRF","Profil","PROFIL ifadesi.","900_HUNİ_YALAK\922_40X40X2_PROFİL.SLDPRT","900_HUNİ_YALAK\PRF_0260_922_40X40X2_PROFİL.SLDPRT",".SLDPRT"
"PRF","Profil","PROFIL ifadesi.","900_HUNİ_YALAK\923_40X40X2_PROFİL.SLDPRT","900_HUNİ_YALAK\PRF_0261_923_40X40X2_PROFİL.SLDPRT",".SLDPRT"
"ICH","İç Hizmet","Varsayilan ic hizmet grubu.","900_HUNİ_YALAK\924_SAC.SLDPRT","900_HUNİ_YALAK\ICH_0262_924_SAC.SLDPRT",".SLDPRT"
"ICH","İç Hizmet","Varsayilan ic hizmet grubu.","900_HUNİ_YALAK\925_SAC.SLDPRT","900_HUNİ_YALAK\ICH_0263_925_SAC.SLDPRT",".SLDPRT"
"ICH","İç Hizmet","Varsayilan ic hizmet grubu.","900_HUNİ_YALAK\926_SAC.SLDPRT","900_HUNİ_YALAK\ICH_0264_926_SAC.SLDPRT",".SLDPRT"
"TDK","Tedarik","Tedarik sinyal kelimesi.","900_HUNİ_YALAK\930_M10 EL SOMUN.SLDPRT","900_HUNİ_YALAK\TDK_0265_930_M10 EL SOMUN.SLDPRT",".SLDPRT"
"ICH","İç Hizmet","Varsayilan ic hizmet grubu.","900_HUNİ_YALAK\950_YALAK.SLDPRT","900_HUNİ_YALAK\ICH_0266_950_YALAK.SLDPRT",".SLDPRT"
"PRF","Profil","PROFIL ifadesi.","900_HUNİ_YALAK\Aynalama853_40X40X3 PROFİL.SLDPRT","900_HUNİ_YALAK\PRF_0267_Aynalama853_40X40X3 PROFİL.SLDPRT",".SLDPRT"
"ICH","İç Hizmet","Varsayilan ic hizmet grubu.","900_HUNİ_YALAK\Aynalama920.SLDASM","900_HUNİ_YALAK\ICH_0268_Aynalama920.SLDASM",".SLDASM"
"PRF","Profil","PROFIL ifadesi.","900_HUNİ_YALAK\Aynalama921_40X40X2_PROFİL.SLDPRT","900_HUNİ_YALAK\PRF_0269_Aynalama921_40X40X2_PROFİL.SLDPRT",".SLDPRT"
"PRF","Profil","PROFIL ifadesi.","900_HUNİ_YALAK\Aynalama922_40X40X2_PROFİL.SLDPRT","900_HUNİ_YALAK\PRF_0270_Aynalama922_40X40X2_PROFİL.SLDPRT",".SLDPRT"
"PRF","Profil","PROFIL ifadesi.","900_HUNİ_YALAK\Aynalama923_40X40X2_PROFİL.SLDPRT","900_HUNİ_YALAK\PRF_0271_Aynalama923_40X40X2_PROFİL.SLDPRT",".SLDPRT"
"ICH","İç Hizmet","Varsayilan ic hizmet grubu.","900_HUNİ_YALAK\Aynalama924_SAC.SLDPRT","900_HUNİ_YALAK\ICH_0272_Aynalama924_SAC.SLDPRT",".SLDPRT"
"ICH","İç Hizmet","Varsayilan ic hizmet grubu.","900_HUNİ_YALAK\Aynalama925_SAC.SLDPRT","900_HUNİ_YALAK\ICH_0273_Aynalama925_SAC.SLDPRT",".SLDPRT"
